Numero registro,Organismo,Sito da registro,Stato ricerca,Pagine lette,PEC rilevate da revisionare,Documentazione API da verificare,Fonti,Problemi
1143,"""Organismo di Mediazione Assoedilizia s.r.l."" abbreviabile anche in ""Mediassoedilizia s.r.l."" e ""ADR Assoedilizia s.r.l.""",www.adrassoedilizia.it,contatti_da_revisionare,4,,,https://adrassoedilizia.it/; https://adrassoedilizia.it/come-avviare-una-mediazione/; https://adrassoedilizia.it/contatti/; https://adrassoedilizia.it/privacy-policy/,
720,"""Organismo di Mediazione Forense dell'Ordine degli Avvocati di Sciacca (ODMFAS""",www.ordineavvocatisciacca.it,contatti_da_revisionare,4,ord.sciacca@cert.legalmail.it,,https://www.ordineavvocatisciacca.it/; https://www.ordineavvocatisciacca.it/modulistica-avvocati/; https://www.ordineavvocatisciacca.it/modulistica-praticanti-avvocati/; https://www.ordineavvocatisciacca.it/privacy-policy-2/,
85,"""SERVIZIO DI CONCILIAZIONE"" ORGANISMO NON AUTONOMO DELLA C.C.I.A.A. DI REGGIO CALABRIA",http://www.rc.camcom.gov.it/,contatti_da_revisionare,8,cameradicommercio@rc.legalmail.camcom.it,https://api.whatsapp.com/send?text=Leggi%20qui%3A%20https://www.rc.camcom.gov.it/tutela-dellimpresa-e-del-consumatore/deposito-listino-prezzi-e-visti-di-conformita,https://www.rc.camcom.gov.it/; https://www.rc.camcom.gov.it/tutela-dellimpresa-e-del-consumatore/deposito-listino-prezzi-e-visti-di-conformita; https://www.rc.camcom.gov.it/modulistica; https://www.rc.camcom.gov.it/modulistica/modulistica-agenti-di-affari-mediazione; https://www.rc.camcom.gov.it/modulistica/modulistica-agenti-e-rappresentanti-di-commercio; https://www.rc.camcom.gov.it/modulistica/modulistica-albo-gestori-rifiuti; https://www.rc.camcom.gov.it/modulistica/modulistica-autoriparatori; https://www.rc.camcom.gov.it/modulistica/modulistica-brevetti-e-marchi,
43,"""Ufficio di Conciliazione"" organismo non autonomo della C.C. I.A.A. di Palermo ed Enna",www.paen.camcom.it,contatti_da_revisionare,4,cciaa@pec.paen.camcom.it,https://dirittoannuale.camcom.it/cada-api/home,https://www.paen.camcom.it/it; https://www.paen.camcom.it/it/rinnovo-consiglio-camerale-2022-2027/modulistica-il-rinnovo; https://www.paen.camcom.it/it/camera-di-commercio; https://www.paen.camcom.it/it/privacy1,
214,"""servizio di conciliazione"" organismo non autonomo della c.c.i.a.a. di Foggia",www.fg.camcom.it,istruzioni_pec_da_revisionare,8,cciaa@fg.legalmail.camcom.it; dglcuibm.div08@pec.mise.gov.it,,https://www.fg.camcom.it/; https://www.fg.camcom.it/servizi/iscrizioni-e-deposito-atti-e-visure; https://www.fg.camcom.it/servizi/deposito-bilanci; https://www.fg.camcom.it/servizi/deposito-marchi-e-brevetti; https://www.fg.camcom.it/modulistica; https://www.fg.camcom.it/modulistica/modulistica-registro-imprese; https://www.fg.camcom.it/modulistica/modulistica-albi-ruoli-ed-elenchi; https://www.fg.camcom.it/modulistica/modulistica-attivita-con-requisiti,
635,A.D.R. INTESA,www.adrintesa.it,contatti_da_revisionare,8,adrintesa@pec.it,,https://www.adrintesa.it/; https://www.adrintesa.it/la-mediazione/come-funziona; https://www.adrintesa.it/opposizione-decreto-ingiuntivo-e-mediazione-civile; https://www.adrintesa.it/adr-intesa-value-re-partnership; https://www.adrintesa.it/diffamazione-social-network; https://www.adrintesa.it/mediazione-civile-accordo-trovato-ulteriore-rilancio; https://www.adrintesa.it/mediazione-civile-obblighi-formativi-dopo-il-d-m-150-2023; https://www.adrintesa.it/mediazione-civile-come-richiedere-credito-imposta,
111,A.D.R. ORDINE AVVOCATI SMCV,,sito_da_ricercare,0,,,,
93,A.D.R. PRO GEST ITALIA S.R.L.,www.adrprogestitalia.com,fonte_non_raggiunta,0,,,,ValueError: Risposta oltre i limiti del controllo pubblico.
802,A.D.R. TIBER S.R.L.,www.adrtiber.it,istruzioni_pec_da_revisionare,5,adrconciliazionesrl@legalmail.it; adrtiber@gmail.com,,https://www.adrtiber.it/; https://www.adrtiber.it/che-cosa-e-la-mediazione-civile/; https://www.adrtiber.it/guida-alla-mediazione-per-la-parte-istante/; https://www.adrtiber.it/sedi-e-contatti/; https://www.adrtiber.it/dichiarazione-sulla-privacy-ue/,
370,A.D.R.- C.E.L. S.R.L.,www.adrcel.com,fonti_senza_canale_rilevato,1,,,https://www.adrcel.it/,Reindirizzamento a diverso dominio: titolarità da verificare
795,A.N.GE.C. srl,www.angec.org,fonti_senza_canale_rilevato,1,,,https://angec.org/,
20,A.S.A.C. - Associazione per lo Sviluppo delle Agenzie di Conciliazione,www.asac-agenzie.it,fonti_senza_canale_rilevato,1,,,https://www.asac-agenzie.eu/,Reindirizzamento a diverso dominio: titolarità da verificare
595,ABACO A.D.R. S.R.L.,abacoadr.com,contatti_da_revisionare,7,abacoadr@legalmail.it; info@abacoadr.com,,https://www.abacoadr.com/; https://www.abacoadr.com/modulistica/; https://www.abacoadr.com/chi-siamo/sedi/; https://www.abacoadr.com/contatti/; https://www.abacoadr.com/contatti/; https://www.abacoadr.com/privacy-policy/; https://www.abacoadr.com/dichiarazione-sulla-privacy-ue/,
343,ABCMediazione,www.abclex.it,contatti_da_revisionare,2,abclex@pec.abclex.it,,https://abclex.it/; https://abclex.it/contatti/,
1056,ACADEMIA,www.academiaadr.eu,contatti_da_revisionare,7,academiaadr@pec.it,,https://academiaadr.eu/; https://academiaadr.eu/lista-mediazioni-depositate/; https://academiaadr.eu/lista-mediazioni-depositate/; https://academiaadr.eu/497-2/; https://academiaadr.eu/moduli/; https://academiaadr.eu/modulistica-dm-150-2023/; https://academiaadr.eu/sedi-e-contatti/,
235,ACCORDIAMOCI SRL,www.accordiamoci.com,contatti_da_revisionare,5,,,https://www.accordiamoci.com/; https://www.accordiamoci.com/?q=news/giustizia-77-italiani-su-100-non-conoscono-la-legge-sulla-mediazione-civile-e-commerciale; https://www.accordiamoci.com/?q=news/la-mediazione-civile-%C3%A8-contrasto-con-la-risoluzione-alternativa-delle-controversie-dei; https://www.accordiamoci.com/?q=news/giustizia-pi%C3%B9-breve-e-meno-costosa-al-soroptmist-si-%C3%A8-parlato-di-mediazione-civile; https://www.accordiamoci.com/?q=sedi,
1103,AD. RESOLUTION S.R.L.,www.ad-resolution.it,istruzioni_pec_da_revisionare,5,adresolution@pec.it; segreteria@ad.resolution,,https://www.ad-resolution.it/; https://www.ad-resolution.it/2025/03/20/sentenza-storica-del-tar-lazio-confermata-la-legittimita-della-riforma-sulla-mediazione-civile/; https://www.ad-resolution.it/deposito-istanza/; https://www.ad-resolution.it/sedi/; https://www.ad-resolution.it/contatti/,
1133,ADR ATENA S.R.L.,www.adratena.it,contatti_da_revisionare,6,adratena@pec.it,https://api.whatsapp.com/send?phone=+393921505431&text=Buongiorno,https://www.adratena.it/; https://www.adratena.it/modulistica/; https://www.adratena.it/contatti/; https://www.adratena.it/sedi/; https://www.adratena.it/regolamento-di-mediazione-2/; https://www.adratena.it/privacy-policy-2/,
73,ADR CONCILIAMO SRL,www.adrconciliamo.it,contatti_da_revisionare,6,adr.conciliamo@legalmail.it,,https://www.adrconciliamo.it/; https://www.adrconciliamo.it/risorse/; https://www.adrconciliamo.it/modulistica/; https://www.adrconciliamo.it/contatto/; https://www.adrconciliamo.it/apparentamento/; https://www.adrconciliamo.it/regolamento-organismo/,
1,ADR Center srl,www.adrcenter.it,contatti_da_revisionare,7,adr@pec.adrcenter.com; castrovillari@adrcenter.com; castrovillari@pec.adrcenter.com; catanzaro@adrcenter.com; catanzaro@pec.adrcenter.com; cosenza@adrcenter.com; cosenza@pec.adrcenter.com; crotone@adrcenter.com; crotone@pec.adrcenter.com; info@adrcenter.com; lameziaterme@adrcenter.com; lameziaterme@pec.adrcenter.com; locri@adrcenter.com; locri@pec.adrcenter.com; milano@pec.adrcenter.com; palmi@adrcenter.com; palmi@pec.adrcenter.com; paola@adrcenter.com; paola@pec.adrcenter.com; reggiocalabria@adrcenter.com; reggiocalabria@pec.adrcenter.com; roma@pec.adrcenter.com; vibovalentia@adrcenter.com; vibovalentia@pec.adrcenter.com,,https://adrcenter.it/; https://adrcenter.it/diffamazione-sui-social-network/; https://adrcenter.it/deposito-mediazione/; https://adrcenter.it/mediazione/modulistica/; https://adrcenter.it/sedi/roma/; https://adrcenter.it/sedi/milano/; https://adrcenter.it/sedi/?jsf=epro-loop-builder:ed-query-sedi&tax=localita-sede:calabria,"ReadTimeoutError: HTTPSConnectionPool(host='35.214.131.247', port=443): Read timed out. (read timeout=6)"
921,ADR Company,www.adrcompany.it,fonti_senza_canale_rilevato,1,,,https://adrcompany.com/,Reindirizzamento a diverso dominio: titolarità da verificare
1116,ADR Conciliazione S.r.l.,www.conciliazione-adr.it,contatti_da_revisionare,8,info.conciliazione@pec.it,,https://conciliazione-adr.it/; https://conciliazione-adr.it/mediazione-civile-e-commerciale/; https://conciliazione-adr.it/modulistica-mediazione-civile-e-commerciale/; https://conciliazione-adr.it/modulistica-mediazione-familiare/; https://conciliazione-adr.it/modulistica-conciliazione-in-materia-di-consumo/; https://conciliazione-adr.it/modulisica-smart/; https://conciliazione-adr.it/conciliazione-in-materia-di-consumo-2/; https://conciliazione-adr.it/sedi/,
1082,ADR Concordia polis srl,www.concordiapolis.it,istruzioni_pec_da_revisionare,2,concordia.polis@pec.it,,https://www.concordiapolis.it/; https://www.concordiapolis.it/mediazione-regolamento.html,
643,ADR DIKE MEDIAZIONE E ARBITRATO S.R.L.,www.adrdike.it,contatti_da_revisionare,6,adrdike@pec.it; info@adrdike.itpec,,https://www.adrdike.it/; https://www.adrdike.it/modulistica/; https://www.adrdike.it/modulistica/; https://www.adrdike.it/contact/; https://www.adrdike.it/sedi-2/; https://www.adrdike.it/privacy/,
1071,ADR EUROPA S.R.L.,www.adreuropa.it,contatti_da_revisionare,5,adr@pec.adreuropa.it; segreteria@adreuropa.it,,https://www.adreuropa.it/; https://www.adreuropa.it/modulistica.php; https://www.adreuropa.it/sedi.php; https://www.adreuropa.it/contatti.php; https://www.adreuropa.it/privacy-policy.php,
1139,ADR EVA CONSULTING S.R.L.,adrevaconsulting.it,fonte_non_raggiunta,0,,,,"ProtocolError: ('Connection aborted.', ConnectionResetError(10054, ""Connessione in corso interrotta forzatamente dall'host remoto"", None, 10054, None))"
1137,ADR FORO EUROPEO S.R.L.,adrforoeuropeo.it,fonte_non_raggiunta,0,,,,SSLError: [SSL: CERTIFICATE_VERIFY_FAILED] certificate verify failed: unable to get local issuer certificate (_ssl.c:1077)
272,ADR Forum,www.adrforum.it,contatti_da_revisionare,7,adrforum@pec.it; segreteria.adrforum@gmail.com,,https://www.adrforum.it/; https://www.adrforum.it/una-sezione-della-homepage/; https://www.adrforum.it/contatti/; https://www.adrforum.it/sample-page/; https://www.adrforum.it/privacy-policy/; https://www.adrforum.it/2024/08/20/regolamento-di-procedura/; https://www.adrforum.it/2024/08/20/regolamenti-di-procedura/,
1046,ADR GROUP S.R.L.,www.adrgroup.info,contatti_da_revisionare,8,adrgroup@pec.it; segreteria@adrgroup.info,,https://adrgroup.info/; https://adrgroup.info/News.aspx; https://adrgroup.info/AvviaMediazione.aspx; https://adrgroup.info/Moduli.aspx; https://adrgroup.info/Contatti.aspx; https://adrgroup.info/Contatti.aspx?subject=0; https://adrgroup.info/Sedi.aspx; https://adrgroup.info/Contatti.aspx?subject=1,
388,ADR INSTITUTE,ADRINSTITUTE.IT,fonte_non_raggiunta,0,,,,SSLError: [SSL: CERTIFICATE_VERIFY_FAILED] certificate verify failed: unable to get local issuer certificate (_ssl.c:1077)
1032,ADR ITALIA MEDIAZIONI E CONCILIAZIONI SRL,www.adritaliaconciliazioni.it,fonte_non_raggiunta,0,,,,gaierror: [Errno 11001] getaddrinfo failed
1142,ADR IUS CONFLICT MANAGEMENT S.R.L..,www.adrius.it,istruzioni_pec_da_revisionare,4,segrerteria.adrius@pec.it; segreteria.adrius@pec.it,,https://www.adrius.it/; https://www.adrius.it/avvia-una-mediazione-2/; https://www.adrius.it/sedi-e-contatti/; https://www.adrius.it/regolamento-e-codice-etico/,
64,ADR LOGOS di ALTERA QUAESTIO,www.alteraquaestio.com,fonti_senza_canale_rilevato,1,,,https://alteraquaestio.com/,
832,ADR MED,www.adrmed.it,fonte_non_raggiunta,0,,,,SSLError: hostname 'www.adrmed.it' doesn't match 'gises.associazionert.it'
156,ADR MEDIAZIONE FACILE,www.adrmediazionefacile.com,contatti_da_revisionare,7,adrmediazionefacile@pec.it,,https://www.adrmediazionefacile.com/; https://www.adrmediazionefacile.com/modulistica; https://www.adrmediazionefacile.com/sede-legale; https://www.adrmediazionefacile.com/sedi-decentrate; https://www.adrmediazionefacile.com/pagina-generale; https://www.adrmediazionefacile.com/privacy; https://www.adrmediazionefacile.com/politica-sulla-privacy-adr-mf,
840,ADR MEDIAZIONE LOCRI,www.odceclocri.it,contatti_da_revisionare,8,segreteria@odceclocri.it; segreteria@pec.odceclocri.it,,https://www.odceclocri.it/; https://www.odceclocri.it/index.php?option=com_content&view=article&id=8&Itemid=90; https://www.odceclocri.it/index.php?option=com_content&view=article&id=17&Itemid=91; https://www.odceclocri.it/index.php?option=com_content&view=article&id=19&Itemid=92; https://www.odceclocri.it/index.php?view=article&catid=70%3Amodulistica&id=8%3Amodulistica-alboelenco&format=pdf&option=com_content&Itemid=90; https://www.odceclocri.it/index.php?view=article&catid=70%3Amodulistica&id=8%3Amodulistica-alboelenco&tmpl=component&print=1&layout=default&option=com_content&Itemid=90; https://www.odceclocri.it/index.php?view=article&catid=71%3Amodulistica-praticanti&id=17%3Amodulistica-praticanti&format=pdf&option=com_content&Itemid=91; https://www.odceclocri.it/index.php?view=article&catid=71%3Amodulistica-praticanti&id=17%3Amodulistica-praticanti&tmpl=component&print=1&layout=default&option=com_content&Itemid=91,
677,ADR MEDIAZIONE NETWORK S.R.L.,www.adrmedianet.it,fonte_non_raggiunta,0,,,,gaierror: [Errno 11001] getaddrinfo failed
693,ADR MEDITALIA SRL,adrmeditalia.it,fonte_non_raggiunta,0,,,,gaierror: [Errno 11001] getaddrinfo failed
117,ADR NUONA GIUSTIZIA E MEDIAZIONE in sigla ADR MEDIA,www.adrmedia.it,fonte_non_raggiunta,0,,,,ValueError: Risposta oltre i limiti del controllo pubblico.
9,ADR Notariato s.r.l.,www.adrnotariato.org,contatti_da_revisionare,8,cnn.adr@postacertificata.notariato.it; segreteria@adrnotariato.org,,https://www.adrnotariato.org/; https://www.adrnotariato.org/mediazione/la-mediazione-civile-e-commerciale; https://www.adrnotariato.org/servizi/servizio-per-la-mediazione-obbligatoria; https://www.adrnotariato.org/servizi/servizio-per-la-mediazione-volontaria; https://www.adrnotariato.org/avvia-mediazione; https://www.adrnotariato.org/chi-siamo/sedi-operative; https://www.adrnotariato.org/contatti; https://www.adrnotariato.org/index.php/contatti,
30,ADR PIEMONTE,www.adrpiemonte.it,da_ricercare,0,,,,
1140,ADR PROFESSIONAL SRL,www.adrprofessional.it,da_ricercare,0,,,,
628,ADR Palazzo delle Professioni Prato Srl,www.adrprato.it,da_ricercare,0,,,,
1149,ADR S-MART S.R.L.,www.adrsmart.it,da_ricercare,0,,,,
816,ADR SICILIA SRL A SOCIO UNICO,www.adrsicilia.com,da_ricercare,0,,,,
811,AEMME SERVIZI S.R.L.,http://www.aemmeservizi.it,da_ricercare,0,,,,
424,AEQUA ORGANISMO DI MEDIAZIONE CIVILE E COMMERCIALE S.R.L.,www.aequasrl.com,da_ricercare,0,,,,
1020,ALTA CONCILIA SRL,www.altaconciliasrl.it,da_ricercare,0,,,,
1112,ALTERNATIVE DISPUTE RISOLUTION MIR.,http://www.adrmirstudi.com,da_ricercare,0,,,,
1145,AMC Srl,www.avvocatiemediatori.it,da_ricercare,0,,,,
1138,ANTEMAR MEDIAZIONE,mediazioneproiustitia.it,da_ricercare,0,,,,
224,ANTEMAR PRO JUSTITIA,https://antemar.eu/,da_ricercare,0,,,,
188,APEC Associazione per la Promozione Extragiudiziale delle Controversie,www.mediazioniapec.it,da_ricercare,0,,,,
486,ARBITRATO E CONCILIAZIONI MARSALA SRL,www.acmmarsala.it,da_ricercare,0,,,,
1150,AREA CONCILIA,www.areaconcilia.it,da_ricercare,0,,,,
747,AREACONCILIA ADR,www.areaconcilia.it,da_ricercare,0,,,,
1101,ARTES SRL,www.formazioneartes.it,da_ricercare,0,,,,
7,ARTURO CARLO JEMOLO,www.jemolo.it,da_ricercare,0,,,,
823,ASS-FORMAT- MEDIATION,www.ass-format-mediation,da_ricercare,0,,,,
1108,ASSET BASILICATA az speciale della Camera di commercio della Basilicata,https://www.assetbasilicata.it,da_ricercare,0,,,,
1070,ASSOCIAZIONE ACCORDA E CONCILIA,www.accordaeconcilia.it,da_ricercare,0,,,,
467,ASSOCIAZIONE ADR MEDILAPET,www.medilapet.it,da_ricercare,0,,,,
971,ASSOCIAZIONE EQUILIBRIO & RISOLUZIONE CONFLITTI SRL,AEQUILIBRIOSRL@TIN.IT,da_ricercare,0,,,,
49,ASSOCIAZIONE IMMEDIATA-ADR,www.immediata-adr.it,da_ricercare,0,,,,
1099,ASSOCIAZIONE TRIBUNALE GIUDIZIARIO ARBITRALE NAZIONALE,www.mediatoristragiudiziali.it,da_ricercare,0,,,,
1058,AccademiADR Società Benefit srl,www.accademiadr.it,da_ricercare,0,,,,
979,Accademia Diritto Mediazione Arbitrato,www.admaonline.it,da_ricercare,0,,,,
215,Adierre Camera di mediazione e conciliazione Italia S.r.l.,www.adierrecameco.it,da_ricercare,0,,,,
680,Adr Futura,www.adrfutura.it,da_ricercare,0,,,,
243,Alam Conciliazione,www.alamconciliazione.it,da_ricercare,0,,,,
907,Alternative Dispute Resolution Centre SRL,www.disputeresolution.xyz,da_ricercare,0,,,,
1006,Ar-Tus S.r.l.,www.controversiecivili.it,da_ricercare,0,,,,
1100,Arbi-Media s.r.l.,www.arbi-media.it,da_ricercare,0,,,,
1152,Arca Mediazioni S.R.L. Unipersonale,www.arcamediazioni.com,da_ricercare,0,,,,
807,Archimedia Adr srl,www.archimedia-adr.it,da_ricercare,0,,,,
920,Area Mediazione,www.areamediazione.sitiwebs.com,da_ricercare,0,,,,
1105,Asconnet srls,www.asconnet.it,da_ricercare,0,,,,
401,Associazione Arbimedia adr,www.arbimedia.it,da_ricercare,0,,,,
448,Associazione CO.MED.A.,https://www.associazionecomeda.it/,da_ricercare,0,,,,
230,Associazione Centro Studi Giuridici Concilianet,www.concilianet.it,da_ricercare,0,,,,
193,Associazione Conciliatori del Veneto s.a.s,www.conciliatoriveneto.it,da_ricercare,0,,,,
24,Associazione Nazionale per l'Arbitrato & la Conciliazione in sigla A.N.P.A.R.,www.anpar.it,da_ricercare,0,,,,
788,Atena Alta Formazione,WWW.ATENALTAFORMAZIONE.IT,da_ricercare,0,,,,
716,Attività di mediazione ed arbitrato,www.direkta-adr.it,da_ricercare,0,,,,
848,AzzA Forense,www.azzaforense.com,da_ricercare,0,,,,
372,BSA SRL,www.bsaonline.it,da_ricercare,0,,,,
1072,BUSINESS ADVICE S.R.L.,www.business-advice.it,da_ricercare,0,,,,
1097,Beeorange srl,www.beeorange.it,da_ricercare,0,,,,
975,Borlaw,www.borlaw.it,da_ricercare,0,,,,
705,C.R.I.S.I. S.c.ar.l ONLUS,www.mediazionecrisi.it,da_ricercare,0,,,,
949,CAMERA ARBITRALE E DI MEDIAZIONE DELL'ORDINE DEGLI INGEGNERI DELLA PROVINCIA DI MILANO,www.camoim.it,da_ricercare,0,,,,
68,CAMERA DI COMMERCIO DELL'UMBRIA,https://www.umbria.camcom.it/,da_ricercare,0,,,,
404,CAMERA DI COMMERCIO INDUSTRIA ARTIGIANATO AGRICOLTURA DI CASERTA,www.ce.camcom.it,da_ricercare,0,,,,
1004,CAMERA DI COMMERCIO INDUSTRIA ARTIGIANATO E AGRICOLTURA DEL GRAN SASSO D'ITALIA,www.cameragransasso.camcom.it,da_ricercare,0,,,,
667,"CAMERA DI COMMERCIO, INDUSTRIA, ARTIGIANATO E AGRICOLTURA DI CREMONA",http://www.cciaa.cremona.it,da_ricercare,0,,,,
304,CAMERA DI CONCILIAZIONE DEL COLLEGIO PROVINCIALE PERITI AGRARI E PERITI AGRARI LAUREATI DI BOLOGNA,http://www.peritiagrari-bo.it/,da_ricercare,0,,,,
50,CAMERA DI CONCILIAZIONE DELL'ORDINE DEGLI AVVOCATI DI BRESCIA,www.ordineavvocatibrescia.it,da_ricercare,0,,,,
268,CAMERA DI CONCILIAZIONE DELLA CAMERA DI COMMERCIO DI PAVIA,www.pv.camcom.gov.it,da_ricercare,0,,,,
131,CAMERA DI CONCILIAZIONE DELLA CAMERA DI COMMERCIO RIVIERE DI LIGURIA - IMPERIA LA SPEZIA SAVONA,www.rivlig.camcom.gov.it,da_ricercare,0,,,,
324,CAMERA DI CONCILIAZIONE FORENSE - DIPARTIMENTO COA NUORO,,da_ricercare,0,,,,
1078,CAMERA DI CONCILIAZIONE FORENSE DELL’ORDINE DEGLI AVVOCATI DI LANCIANO,https://www.ordineavvocatilanciano.it/organismo-mediazione/,da_ricercare,0,,,,
1050,CAMERA DI CONCILIAZIONE M.A.P. SRL SOCIETA' UNIPERSONALE,www.ConciliaMap.com,da_ricercare,0,,,,
357,CAMERA DI CONCILIAZIONE PRESSO ORDINE AVVOCATI LAGONEGRO,https://odcforolagonegro.wordpress.com,da_ricercare,0,,,,
55,"CAMERA DI CONCILIAZIONE-MEDIAZIONE, ORGANISMO DI MEDIAZIONE DELLA CCIAA DI NAPOLI",www.na.camcom.it,da_ricercare,0,,,,
121,CAMERA DI CONCILIAZIONEFORENSE DELL'ORDINE DEGLI AVVOCATI DI PESCARA,www.ordineavvocatipescara.it,da_ricercare,0,,,,
1087,CAMERA DI MEDIA-CONCILIAZIONE FORENSE DELL'ORDINE DEGLI AVVOCATI DI ORISTANO,www.ordineavvocatioristano.it,da_ricercare,0,,,,
1104,CAMERA DI MEDIAZIONE & ARBITRATO MEDEA SRL,www.medea.legal,da_ricercare,0,,,,
14,CAMERA DI MEDIAZIONE DI PADOVA,www.pd.camcom.it,da_ricercare,0,,,,
341,CAMERA DI MEDIAZIONE NAZIONALE SRL,www.cameradimediazionenazionale.it,da_ricercare,0,,,,
413,CAMERA MANTOVANA DI MEDIAZIONE E CONCILIAZIONE SRL,www.cameramantovana.it,da_ricercare,0,,,,
349,CAMERA PER LA MEDIA CONCILIAZIONE DELL'ORDINE FORENSE DI VELLETRI,ORDINE AVVOCATI DI VELLETRI,da_ricercare,0,,,,
115,CCIAA Venezia Giulia,http://www.vg.camcom.gov.it/,da_ricercare,0,,,,
368,CELDAM S.R.L.,WWW.CELDAM.IT,da_ricercare,0,,,,
262,CENTRO DI MEDIAZIONE S.R.L.,WWW.CENTRODIMEDIAZIONE.COM,da_ricercare,0,,,,
886,CENTRO MEDIA CONCILIAZIONE,,da_ricercare,0,,,,
1025,CENTRO STUDI E SERVIZI azienda speciale della CCIAA della Maremma e del Tirreno,http://www.lg.camcom.it,da_ricercare,0,,,,
943,CNF MEDIAZIONE SRL,http://www.cfmediazione.it,da_ricercare,0,,,,
350,CNI - CONCILIAZIONI NAZIONALI ED INTERNAZIONALI SRL,www.cniconciliazioni.it,da_ricercare,0,,,,
1059,CNMA_ CAMERA NAZIONALE PER LA MEDIAZIONE E L'ARBITRATO,www.cnma.it,da_ricercare,0,,,,
531,COLLEGIO DEI GEOMETRI E DEI GEOMETRI LAUREATI DELLA PROVINCIA DI VITERBO,www.geometri.vt.it,da_ricercare,0,,,,
984,COMPERASS ADR,www.comperass.it,da_ricercare,0,,,,
1115,CON-VINCI Srl,www.con-vinci.it,da_ricercare,0,,,,
753,CONCILIA & RISOLVI SRL UNIPERSONALE,www.conciliaerisolvi.it,da_ricercare,0,,,,
1084,CONCILIA MED S.R.L.,www.conciliamed.it,da_ricercare,0,,,,
1129,CONCILIA QUI ASSOCIAZIONE,www.conciliaqui.com,da_ricercare,0,,,,
439,CONCILIA QUI SRL,www.conciliaqui.com,da_ricercare,0,,,,
764,CONCILIA S.P.A. - ORGANISMO DI CONCILIAZIONE,www.conciliaspa.it,da_ricercare,0,,,,
8,CONCILIA S.r.l. unip.,https://concilia.it,da_ricercare,0,,,,
800,CONCILIACONSUMATORI SRL,www.conciliaconsumatori.it,da_ricercare,0,,,,
887,CONCILIAMOCI,www.conciliamocisrl.com,da_ricercare,0,,,,
144,CONCILIAMOFACILE SRL,www.conciliamofacile.com,da_ricercare,0,,,,
1095,CONCILIAMUS,,da_ricercare,0,,,,
1041,CONCILIANDO MED DI LEGAL PROFESSIONAL NETWORK SRL,http://www.legalprofessionalnetwork.org/,da_ricercare,0,,,,
1068,CONCILIANT,www.conciliant.it,da_ricercare,0,,,,
1113,CONCILIARE CONVIENE,www.conciliareconviene.com,da_ricercare,0,,,,
1035,CONCILIAZIONE CILA,www.conciliazionecila.it,da_ricercare,0,,,,
74,CONCILIAZIONE.NET SRL,www.conciliazionenet.com,da_ricercare,0,,,,
759,CONCORDIAMANAGEMENT Srl,www.concordiamanagement.it,da_ricercare,0,,,,
1118,CONCORDIAMO,www.concordiamo.eu,da_ricercare,0,,,,
137,CONCORMEDIA SRL,www.concormedia.it,da_ricercare,0,,,,
1119,CONFCONCILIA,www.confconcilia.it,da_ricercare,0,,,,
1017,CONFORMED S.R.L.,www.adrconformed.com,da_ricercare,0,,,,
168,CONSIGLIO ORDINE AVVOCATI DI COSENZA,www.ordineavvocaticosenza.it,da_ricercare,0,,,,
419,CSDC Centro Servizi per i diritti del Cittadino - Onlus,www.mediazione-legale.org,da_ricercare,0,,,,
23,CURIA MERCATORUM,www.curiamercatorum.com,da_ricercare,0,,,,
48,Camera Arbitrale di Venezia,www.cameraarbitralevenezia.it,da_ricercare,0,,,,
566,Camera Arbitrale e della Mediazione della Camera di Commercio di Bari,www.ba.camcom.it,da_ricercare,0,,,,
6,Camera Arbitrale e di Conciliazione della Camera di Commercio I.A.A. Catania Ragusa Siracusa del Sud Est Sicilia,www.ctrgsr.camcom.gov.it,da_ricercare,0,,,,
273,Camera Conciliazione Forense dell'Ordine degli Avvocati di Sulmona,www.ordineavvocatisulmona.it,da_ricercare,0,,,,
386,"Camera Internazionale dell'Arbitrato, della Mediazione e della Conciliazione",,da_ricercare,0,,,,
752,Camera Risoluzione Controversie,www.crcmediazioni.it,da_ricercare,0,,,,
456,Camera di Arbitrato e Conciliazione - AR.CO- S.r.l.,www.arbitrieconciliatori.it,da_ricercare,0,,,,
830,Camera di Commercio I.A.A. di Nuoro,www.nu.camcom.it,da_ricercare,0,,,,
399,Camera di Commercio Industria Artigianato Agricoltura di Varese,www.va.camcom.it,da_ricercare,0,,,,
35,Camera di Commercio di Genova,www.ge.camcom.gov.it,da_ricercare,0,,,,
119,Camera di Conciliazione Forense di Ancona,conciliazioneforenseancona.com,da_ricercare,0,,,,
124,Camera di Conciliazione Italiana Srl,www.italianaconciliazione.it,da_ricercare,0,,,,
92,Camera di Conciliazione della CCIAA del Molise,www.molise.camcom.it,da_ricercare,0,,,,
62,Camera di Conciliazione della Romagna – Forlì-Cesena e Rimini,www.romagna.camcom.gov.it,da_ricercare,0,,,,
414,Camera di Conciliazione e Mediazione del Nordest,www.mediazionenordest.it,da_ricercare,0,,,,
745,Camera di Conciliazione presso Collegio Geometri e Geometri Laureati di Reggio Emilia,www.collegiogeometri.re.it,da_ricercare,0,,,,
265,Camera di Mediazione Patavina,www.cameradimediazionepatavina.it,da_ricercare,0,,,,
109,Camera di mediazione per la conciliazione (Camecon),www.camecon.it,da_ricercare,0,,,,
306,Camera per la Mediazione e Conciliazione dell'Ordine Forense di Civitavecchia,,da_ricercare,0,,,,
662,Camera per la mediazione e conciliazione delle controversie presso l'ordine degli avvocati di cassino,,da_ricercare,0,,,,
206,"Centre de Médiation de l'Europe, de la Méditerranée et du Moyen Orient - Delegazione Italiana",www.cour-europe-arbitrage.org,da_ricercare,0,,,,
106,Centro Conciliazione Liti Srl,www.centroconciliazioneliti.it,da_ricercare,0,,,,
751,Civilmed,www.civilmed.it,da_ricercare,0,,,,
934,Cmn,www.cmnmediazioni.com,da_ricercare,0,,,,
143,Concilia Lex S.p.A.,www.concilialex.it,da_ricercare,0,,,,
381,Conciliamus anche online s.r.l.,www.conciliamus.it,da_ricercare,0,,,,
77,Concilium A.D.R.,www.conciliumadr.it,da_ricercare,0,,,,
481,Concordia mediazioni s.r.l.,www.concordiamediazioni.it,da_ricercare,0,,,,
516,Confsalform Mediazione,www.confsalformediazione.it,da_ricercare,0,,,,
1148,Crisimed s.r.l.,www.crisimed.it,da_ricercare,0,,,,
364,D.I.S.A. s.r.l.,www.disaconciliazioni.it,da_ricercare,0,,,,
933,DC Concilia S.r.l.,www.dcconcilia.it,da_ricercare,0,,,,
798,DE IURE CONCORDIA SRL,www.deiureconcordia.it,da_ricercare,0,,,,
398,DE JURE CONCILIANDO SRL,www.dejureconciliando.it,da_ricercare,0,,,,
360,DOLOMITI CONCILIAZIONI SRL,www.dolomiticonciliazioni.it,da_ricercare,0,,,,
1075,DPL Mediazione & Co.,www.dplmediazione.it,da_ricercare,0,,,,
165,Dialogo s.r.l.,www.dialogosrl.it,da_ricercare,0,,,,
580,Dispute Resolution srl,www.diresolution.it,da_ricercare,0,,,,
403,EBManagement,www.ebmanagement.it,da_ricercare,0,,,,
1001,EL.CO. DATA SYSTEM SRL,www.adrprofessionale.it,da_ricercare,0,,,,
1037,ERASMO MEDIAZIONI S.R.L.,www.erasmomediazioni.it,da_ricercare,0,,,,
288,ETA CONCILIA SRL,http://www.etaconcilia.it,da_ricercare,0,,,,
1079,EVA CONSULTING SRL,WWW.EVACONSULTING.IT,da_ricercare,0,,,,
576,EX AEQUO ADR,WWW.EXAEQUOADR.COM,da_ricercare,0,,,,
189,EXEQUA SRL,www.exequasrl.com,da_ricercare,0,,,,
232,Emediation S.r.L.,www.emediation.it,da_ricercare,0,,,,
1040,EmmegiessE s.r.l.,www.emmegiessesrl.it,da_ricercare,0,,,,
146,Equa Libra srl,www.equalibra.it,da_ricercare,0,,,,
1107,FAST LAW,www.fastlaw.it,da_ricercare,0,,,,
84,FO.SVI.TER.,www.fosviter.it,da_ricercare,0,,,,
5,FONDAZIONE AEQUITAS ADR,www.aequitasadr.eu,da_ricercare,0,,,,
61,FONDAZIONE CENTRO STUDI TELOS - C.P.R.C.,www.cprc.it,da_ricercare,0,,,,
45,FONDAZIONE FORENSE DI PERUGIA GIOVANNI DEAN,www.fondazioneforensepg.it,da_ricercare,0,,,,
842,FORUM VENETO PER LA MEDIAZIONE,www.forumvenetomediazione.it,da_ricercare,0,,,,
1146,FOSVITER CONCILIAZIONE,www.fosviterconciliazione.it,da_ricercare,0,,,,
21,Facilita - Organizzazione indipendente per la gestione delle relazioni e dei gruppi - Società Cooperativa,www.facilita.info,da_ricercare,0,,,,
70,Forum Camera di Conciliazione e Mediazione,www.forumcome.it,da_ricercare,0,,,,
849,G.D.G. srl,www.milanomediazioni.it,da_ricercare,0,,,,
922,"GEO-C.A.M. Associazione Nazionale Geometri Consulenti Tecnici, Arbitri e Mediatori",WWW.GEO-CAM.IT,da_ricercare,0,,,,
685,GIUSEPPE LONGOBARDO S.R.L.,http://www.glsrl.com/,da_ricercare,0,,,,
1144,GIUSTA MEDIAZIONE S.R.L.,www.giustamediazione.it,da_ricercare,0,,,,
1122,GM&P CONSULTING NETWORK SRL,www.gmep.it/mediazione-civile,da_ricercare,0,,,,
340,Giuriform SRL,www.giuriform.it,da_ricercare,0,,,,
460,Giustizia Nuova srl,www.giustizianuova.it,da_ricercare,0,,,,
294,Gruppo101,www.101mediatori.it,da_ricercare,0,,,,
619,Hipponion concilia srl,www.hipponionconcilia.it,da_ricercare,0,,,,
436,I CONCILIATORI PROFESSIONISTI SRL,www.iconciliatoriprofessionisti.it,da_ricercare,0,,,,
164,I.CO.TE.A. C.A.T. S.r.l.,www.icotea.it,da_ricercare,0,,,,
766,I.D. & PARTNERS,www.idconciliazione.it,da_ricercare,0,,,,
219,I.Me.Con.,www.imeconciliazione.it,da_ricercare,0,,,,
549,ICAF - ISTITUTO DI CONCILIAZIONE E ALTA FORMAZIONE,WWW.ISTITUTOICAF.IT,da_ricercare,0,,,,
1135,ICAF ADR SRL,icafadr.it,da_ricercare,0,,,,
51,IFORMEDIATE,https://www.iformediate.com,da_ricercare,0,,,,
620,IIMA srls,www.mediazioneiima.com,da_ricercare,0,,,,
1125,INKMAR,www.inkmar.it,da_ricercare,0,,,,
223,INMEDIAR - Istituto Nazionale per la Mediazione e l'Arbitrato,www.inmediar.it,da_ricercare,0,,,,
686,INTERMEDIA S.R.L.,www.intermediasrl.it,da_ricercare,0,,,,
1136,ISCO ADR SRL,www.iscoadrsrl.it,da_ricercare,0,,,,
945,ISMED GROUP S.R.L.,www.ismed.it,da_ricercare,0,,,,
213,ISMEDIA-ADR SRL,www.ismedia-adr.com,da_ricercare,0,,,,
526,ISTITUTO VENETO DI MEDIAZIONE E CONCILIAZIONE,WWW.IVMC.IT,da_ricercare,0,,,,
1090,ISV GROUP S.R.L.S.,www.isvgroup.it,da_ricercare,0,,,,
91,ITALCONCILIA ASSOCIAZIONE MEDIATORI PROFESSIONISTI,www.italconcilia.it,da_ricercare,0,,,,
492,ITALIA CONCILIA SRL,www.italiaconcilia.it,da_ricercare,0,,,,
958,IUS MIND ADR,www.ius-mind.it,da_ricercare,0,,,,
718,InMediaLex Srl,www.inmedialex.it,da_ricercare,0,,,,
911,InMediazione ADR,www.inmediazione.it,da_ricercare,0,,,,
149,InMedio,www.inmedio.it,da_ricercare,0,,,,
353,IntermediArte,www.intermediarte.it,da_ricercare,0,,,,
81,Istituto Superiore di Conciliazione,www.iscmediazione.it,da_ricercare,0,,,,
52,Istituto Superiore per la conciliazione ADR srl,www.iscoadr.it,da_ricercare,0,,,,
791,Italiana Mediazione,WWW.ITALIANAMEDIAZIONE.IT,da_ricercare,0,,,,
986,LUMA POINT SERVICE S.R.L.,www.lumapointservice.it,da_ricercare,0,,,,
1098,Leone A.D.R srls,www.leoneadr.it,da_ricercare,0,,,,
217,MCM CONSULTING S.R.L.,WWW.MEDIAZIONEMCMCONSULTING.IT,da_ricercare,0,,,,
323,MCM Mediazione s.r.l.,www.mcmmediazione.com,da_ricercare,0,,,,
153,ME.CO.mediazione-conciliazione srl,www.mecosrl.eu,da_ricercare,0,,,,
126,MEDARB srl,www.medarb.it,da_ricercare,0,,,,
192,MEDIA CONCIL,www.mediaconcilsrl.it,da_ricercare,0,,,,
1031,MEDIA-CONCILIARE s.r.l.,www.media-conciliare.it,da_ricercare,0,,,,
707,MEDIACON S.R.L.,https://mediacon.org/,da_ricercare,0,,,,
882,MEDIACONCILIAZIONE NAPOLI ONLUS,WWW.MEDIACONCILIAIZONENAPOLI.IT,da_ricercare,0,,,,
199,MEDIACONS SRL MEDIAZIONE E CONSULENZA,www.mediacons.it,da_ricercare,0,,,,
1053,MEDIAIPSA S.R.L,,da_ricercare,0,,,,
590,MEDIALAWITALIA,www.medialawitalia.it,da_ricercare,0,,,,
201,MEDIAMENTI SRL,http://www.mediamenti.com,da_ricercare,0,,,,
228,MEDIAMO ADR,www.mediamoadr.it,da_ricercare,0,,,,
1062,MEDIAOSTIENSIS ITALIA,www.mediaostiensisitalia.it,da_ricercare,0,,,,
282,MEDIAPOLIS S.R.L.,www.mediapolis-srl.it,da_ricercare,0,,,,
1042,MEDIARCH-ORDINE ARCHITETTI PPC DI ROMA E PROVINCIA,www.architettiroma.it,da_ricercare,0,,,,
252,MEDIATIO S.A.S. DI CALDAROLA GIANPIETRO & C.,www.mediatio.it,da_ricercare,0,,,,
1044,MEDIATION NETWORK ITALIANO,www.organismoimn.it,da_ricercare,0,,,,
1028,MEDIATORI PROFESSIONISTI ROMA SRL,www.mproma.com,da_ricercare,0,,,,
303,MEDIAZIONE ADR COMMERCIALISTI BRESCIA,http://www.commercialisti.brescia.it,da_ricercare,0,,,,
728,MEDIAZIONE ADR COMMERCIALISTI CASERTA,www.odcec.caserta.it,da_ricercare,0,,,,
1034,MEDIAZIONE ADR COMMERCIALISTI MESSINA,www.odcemessina.it,da_ricercare,0,,,,
392,MEDIAZIONE ADR PESCARA,fondazione.odcec.pescara.it,da_ricercare,0,,,,
544,MEDIAZIONE ADR S.R.L.,www.mediazioneadr.it,da_ricercare,0,,,,
315,MEDIAZIONE ARBITRATO E CONCILIAZIONE SRL,WWW.MEARCON.IT,da_ricercare,0,,,,
1110,MEDIAZIONE FUTURA A.D.R. SRL,www.mediazionefuturaadr.it,da_ricercare,0,,,,
521,MEDIAZIONE MARCHE,WWW.MEDIAZIONEMARCHE.IT,da_ricercare,0,,,,
1134,MEDIAZIONE SICURA,www.mediazionesicura.it,da_ricercare,0,,,,
449,MEDIAZIONI SRL,www.mediazionisrl.net,da_ricercare,0,,,,
1132,MEDIAZIONI.IT SRL,WWW.MEDIAZIONI.IT,da_ricercare,0,,,,
903,MFSD,www.mfsd.it,da_ricercare,0,,,,
629,Maxxi Adr Srl,www.maxxiadr.it,da_ricercare,0,,,,
837,Media Law s.r.l.,www.media-law.it,da_ricercare,0,,,,
585,Media Virtus s.r.l.,www.mediavirtus.it,da_ricercare,0,,,,
780,Media-Ora,www.mediaora.it,da_ricercare,0,,,,
743,Media.Con. - ADR- S.r.l.,www.mediaconadr.it,da_ricercare,0,,,,
200,MediaTorino s.r.l.,www.mediatorino.org,da_ricercare,0,,,,
704,Mediacon Noi Srl,www.mediaconnoi.it,da_ricercare,0,,,,
437,Mediaconcilia,www.mediaconcilia.eu,da_ricercare,0,,,,
663,Mediaconciliatio srl,www.mediaconciliatio.it,da_ricercare,0,,,,
644,Mediaconciliazione s.a.s. di Alessia Cocozza & C.,www.mediaconciliazione.com,da_ricercare,0,,,,
730,Mediaforense srl,www.mediaforense.it,da_ricercare,0,,,,
496,Mediamo s.r.l.,www.mediamo.it,da_ricercare,0,,,,
778,Mediando Associati,www.mediandoassociati.it,da_ricercare,0,,,,
259,Mediare Per Conciliare,www.mediareperconciliare.it,da_ricercare,0,,,,
451,Mediazione Adr Commercialisti Frosinone,www.fr.odcec.com,da_ricercare,0,,,,
158,Mediazione Formazione Giuridica (in sigla Mediafog),http://www.mediafog.it,da_ricercare,0,,,,
952,Mediazione Nausicaa Puglia s.r.l.,www.mediazionenausicaapuglia.com,da_ricercare,0,,,,
260,Mediazione Professionale,www.medprof.it,da_ricercare,0,,,,
877,Mediazione Val di Cornia - Organismo di Mediazione dell'Associazione Forense Area Piombinese,www.mediazionevaldicornia.it,da_ricercare,0,,,,
478,Mediazioni Sapienza,www.mediazionisapienza.it,da_ricercare,0,,,,
1131,MedyaPro Srl,WWW.MEDYAPRO.IT,da_ricercare,0,,,,
142,Medì ODCEC Napoli,www.odcec.napoli.it,da_ricercare,0,,,,
1130,Morris L. Ghezzi A.D.R. S.r.L.,www.morrisghezzi.mediaodr.com,da_ricercare,0,,,,
1124,NEWMEDIATION,www.ugocaviglia.it,da_ricercare,0,,,,
889,NO PROBLEM! ORGANISMO DI MEDIA-CONCILIAZIONE,www.mediazionenoproblem.it,da_ricercare,0,,,,
151,NOI CONCILIAMO,www.noiconciliamo.com,da_ricercare,0,,,,
770,O.MN.I.A.,WWW.OMNIAMEDIAZIONE.IT,da_ricercare,0,,,,
177,O.d.M. - Organismo di mediazione dell'Ordine degli Avvocati di Teramo,www.ordineavvocatiteramo.it,da_ricercare,0,,,,
980,"OMNIA concilia - mediazione, formazione ed arbitrato",www.omniaconcilia.it,da_ricercare,0,,,,
831,OPERA SERVIZI SRL,www.operaservizi.com,da_ricercare,0,,,,
1049,ORDINE DEGLI AVVOCATI DI CREMONA,www.ordineavvocaticremona.it,da_ricercare,0,,,,
173,ORDINE DEGLI AVVOCATI DI IVREA,www.ordineavvocativrea.it,da_ricercare,0,,,,
634,ORDINE DEGLI AVVOCATI DI PARMA,www.ordineavvocatiparma.it,da_ricercare,0,,,,
574,ORDINE DEGLI AVVOCATI DI REGGIO EMILIA - ORGANISMO DI MEDIAZIONE PRESSO IL TRIBUNALE DI REGGIO EMILIA,www.ordineforense.re.it,da_ricercare,0,,,,
195,ORDINE DEGLI AVVOCATI DI TREVISO -ORGANISMO DI MEDIAZIONE FORENSE,www.ordineavvocatitreviso.it,da_ricercare,0,,,,
415,ORDINE DEGLI AVVOCATI L'AQUILA,www.ordineavvocatilaquila.it,da_ricercare,0,,,,
1065,ORDINE DOTTORI COMMERCIALISTI ED ESPERTI CONTABILI NAPOLI NORD,WWW.ODCECNAPOLINORD.IT,da_ricercare,0,,,,
821,ORGANISMO DEL FORO DI TEMPIO PAUSANIA,www.ordineavvocatitempio.it,da_ricercare,0,,,,
664,ORGANISMO DI CONCILIAZIONE DEL COLLEGIO DEI GEOMETRI E GEOMETRI LAUREATI DI PADOVA,www.geometripd.it/mediazione.html,da_ricercare,0,,,,
497,ORGANISMO DI CONCILIAZIONE DEL COLLEGIO PROVINCIALE GEOMETRI E GEOMETRI LAUREATI DI RIETI,http://www.collegioprovincialegeometririeti.it/,da_ricercare,0,,,,
28,ORGANISMO DI CONCILIAZIONE DEL FORO DI NOCERA INFERIORE,www.odc.foronocera.it,da_ricercare,0,,,,
661,ORGANISMO DI CONCILIAZIONE DELL'ORDINE DEGLI AVVOCATI DI LATINA,www.ordineavvocatilatina.it,da_ricercare,0,,,,
154,ORGANISMO DI CONCILIAZIONE DELL'ORDINE DEGLI AVVOCATI DI MASSA CARRARA,https://www.ordineavvocatims.it/,da_ricercare,0,,,,
36,ORGANISMO DI CONCILIAZIONE DELL'ORDINE DEGLI AVVOCATI DI MILANO,www.organismoconciliazioneforensemilano.it,da_ricercare,0,,,,
1096,ORGANISMO DI CONCILIAZIONE DELLA FONDAZIONE FORENSE DI BUSTO ARSIZIO,in costruzione,da_ricercare,0,,,,
17,ORGANISMO DI CONCILIAZIONE DELLA FONDAZIONE FORENSE DI MONZA,https://www.ordineavvocatimonza.it/it/organismo-di-conciliazione/p77,da_ricercare,0,,,,
37,ORGANISMO DI CONCILIAZIONE DI FIRENZE- OCF,www.conciliazionefirenze.org,da_ricercare,0,,,,
321,ORGANISMO DI CONCILIAZIONE FORENSE DI FERMO,www.ordineavvocatidifermo.it,da_ricercare,0,,,,
379,ORGANISMO DI CONCILIAZIONE FORENSE DI PISTOIA,https://fondazioneforensepistoia.it/,da_ricercare,0,,,,
523,ORGANISMO DI CONCILIAZIONE FORENSE DI VOGHERA,www.conciliazionevoghera.it,da_ricercare,0,,,,
174,ORGANISMO DI CONCILIAZIONE FORENSE VARESE,www.ocfvarese.it,da_ricercare,0,,,,
828,ORGANISMO DI MEDIAZIONE - CAMERA DI COMMERCIO INDUSTRIA ARTIGIANATO AGRICOLTURA,,da_ricercare,0,,,,
758,ORGANISMO DI MEDIAZIONE ADR O.D.C.E.C. DI SAVONA,www.odcecsavona.com,da_ricercare,0,,,,
847,ORGANISMO DI MEDIAZIONE ARCHITETTI O.M.A.,www.architettifirenze.it,da_ricercare,0,,,,
58,ORGANISMO DI MEDIAZIONE CAMERA DI COMMERCIO DI AREZZO - SIENA,www.as.camcom.it,da_ricercare,0,,,,
936,ORGANISMO DI MEDIAZIONE CIVILEE COMMERCIALE - OMCC,WWW.FONDAZIONESTUDI.IT,da_ricercare,0,,,,
981,ORGANISMO DI MEDIAZIONE DEL COLLEGIO GEOMETRI E GEOMETRI LAUREATI DELLA PROVINCIA DI MODENA,www.cameradiconciliazionemodena.it,da_ricercare,0,,,,
317,ORGANISMO DI MEDIAZIONE DEL CONSIGLIO DELL'ORDINE DEGLI AVVOCATI DI AVELLINO,www.ordineavvocati.av.it,da_ricercare,0,,,,
347,ORGANISMO DI MEDIAZIONE DEL FORO DI CUNEO,www.ordineavvocaticuneo.it,da_ricercare,0,,,,
812,ORGANISMO DI MEDIAZIONE DEL FORO DI FOGGIA,www.ordineavvocatifoggia.it,da_ricercare,0,,,,
290,ORGANISMO DI MEDIAZIONE DEL FORO DI PALMI,www.ordineavvocatipalmi.it,da_ricercare,0,,,,
860,ORGANISMO DI MEDIAZIONE DELL'ORDINE AVVOCATI ROVIGO,,da_ricercare,0,,,,
838,ORGANISMO DI MEDIAZIONE DELL'ORDINE DEGLI AVVOCATI DI ALESSANDRIA,www.ordineavvocatialessandria.it,da_ricercare,0,,,,
625,ORGANISMO DI MEDIAZIONE DELL'ORDINE DEGLI AVVOCATI DI BOLOGNA,www.ordineavvocatibologna.net,da_ricercare,0,,,,
307,ORGANISMO DI MEDIAZIONE DELL'ORDINE DEGLI AVVOCATI DI IMPERIA,www.avvocati-imperia.it,da_ricercare,0,,,,
389,ORGANISMO DI MEDIAZIONE DELL'ORDINE DEGLI AVVOCATI DI MODENA,,da_ricercare,0,,,,
918,ORGANISMO DI MEDIAZIONE DELL'ORDINE DEGLI AVVOCATI DI POTENZA,https://www.ordineavvocatipotenza.it/organismo-di-mediazione/modulistica-organismo-di-mediazione,da_ricercare,0,,,,
690,ORGANISMO DI MEDIAZIONE DELL'ORDINE DEGLI AVVOCATI DI SAVONA,www.ordineavvocatisavona.it,da_ricercare,0,,,,
184,ORGANISMO DI MEDIAZIONE DELL'ORDINE DEGLI AVVOCATI DI TARANTO,www.oravta.it,da_ricercare,0,,,,
384,ORGANISMO DI MEDIAZIONE DELL'ORDINE DEGLI AVVOCATI DI TORINO,http://www.ordineavvocatitorino.it/informazioni-avvocati/mediazione-sedi-orari-uffici,da_ricercare,0,,,,
737,ORGANISMO DI MEDIAZIONE DELL'ORDINE DEGLI INGEGNERI DI BOLOGNA,WWW.ORDINGBO.IT,da_ricercare,0,,,,
284,"ORGANISMO DI MEDIAZIONE DELLA CAMERA DI COMMERCIO DELLE MARCHE SEDI DI ANCONA, ASCOLI PICENO, FERMO, MACERATA, PESARO E URBINO",www.marche.camcom.it,da_ricercare,0,,,,
337,ORGANISMO DI MEDIAZIONE DELLA CAMERA DI COMMERCIO INDUSTRIA ARTIGIANATO AGRICOLTURA CHIETI PESCARA,www.ch.camcom.it,da_ricercare,0,,,,
345,ORGANISMO DI MEDIAZIONE DELLA CAMERA DI COMMERCIO INDUSTRIA ARTIGIANATO E AGRICOLTURA IRPINIA SANNIO,www.irpiniasannio.camcom.it,da_ricercare,0,,,,
15,ORGANISMO DI MEDIAZIONE DELLA CAMERA DI COMMERCIO TOSCANA NORD-OVEST - ADR CAM TNO,www.tno.camcom.it,da_ricercare,0,,,,
612,ORGANISMO DI MEDIAZIONE FORENSE AGRIGENTO,WWW.MEDIAZIONEFORENSEAGRIGENTO.IT,da_ricercare,0,,,,
951,ORGANISMO DI MEDIAZIONE FORENSE DEL CONSIGLIO DELL'ORDINE DEGLI AVVOCATI DI BERGAMO,www.avvocatibergamo.it,da_ricercare,0,,,,
382,ORGANISMO DI MEDIAZIONE FORENSE DEL CONSIGLIO DELL'ORDINE DEGLI AVVOCATI DI CATANZARO,http://www.ordineavvocati.cz.it/,da_ricercare,0,,,,
301,ORGANISMO DI MEDIAZIONE FORENSE DEL CONSIGLIO DELL’ORDINE DEGLI AVVOCATI DI MANTOVA,www.ordineavvocatimantova.it,da_ricercare,0,,,,
313,ORGANISMO DI MEDIAZIONE FORENSE DELL'ORDINE DEGLI AVVOCATI DI AREZZO,www.ordineavvocatiarezzo.it,da_ricercare,0,,,,
1061,ORGANISMO DI MEDIAZIONE FORENSE DELL'ORDINE DEGLI AVVOCATI DI BARCELLONA PG,http://ordineavvocatibarcellonapg.it/node/171,da_ricercare,0,,,,
182,ORGANISMO DI MEDIAZIONE FORENSE DELL'ORDINE DEGLI AVVOCATI DI BELLUNO,www.ordineavvocatibelluno.com,da_ricercare,0,,,,
425,ORGANISMO DI MEDIAZIONE FORENSE DELL'ORDINE DEGLI AVVOCATI DI PADOVA,www.ordineavvocatipadova.it,da_ricercare,0,,,,
167,ORGANISMO DI MEDIAZIONE FORENSE DELL'ORDINE DEGLI AVVOCATI DI TRENTO,www.ordineavvocatitrento.it,da_ricercare,0,,,,
380,ORGANISMO DI MEDIAZIONE FORENSE DI AOSTA,www.ordineavvocatiaosta.it,da_ricercare,0,,,,
646,ORGANISMO DI MEDIAZIONE FORENSE DI ASTI,www.ordineavvocatiasti.it,da_ricercare,0,,,,
1128,ORGANISMO DI MEDIAZIONE FORENSE DI SPOLETO,www.avvocatispoleto.it,da_ricercare,0,,,,
175,ORGANISMO DI MEDIAZIONE FORENSE DI TERNI,www.ordineavvocati.terni.it,da_ricercare,0,,,,
432,ORGANISMO DI MEDIAZIONE FORENSE PRESSO IL CONSIGLIO DELL'ORDINE DEGLI AVVOCATI DI FROSINONE,http://www.ordineavvocatifrosinone.it/,da_ricercare,0,,,,
314,ORGANISMO DI MEDIAZIONE FORO DI TORRE ANNUNZIATA,www.ordineavvocatitorreannunziata.it,da_ricercare,0,,,,
505,ORGANISMO DI MEDIAZIONE ORDINE AVVOCATI DELLA SPEZIA,www.ordineavvocatidellaspezia.it,da_ricercare,0,,,,
792,ORGANISMO FORENSE DI MEDIAZIONE E ARBITRATO DI URBINO DELL'ORDINE DEGLI AVVOCATI DI URBINO,www.ordineavvocatiurbino.it,da_ricercare,0,,,,
502,ORGANISMO MEDIAZIONE FORENSE DELL'ORDINE DEGLI AVVOCATI DI TIVOLI,,da_ricercare,0,,,,
298,ORGANISMO MEDIAZIONE FORENSE DI RAGUSA,www.ordineavvocatiragusa.it,da_ricercare,0,,,,
396,ORGANISMO VERONESE MEDIAZIONE FORENSE - O.V.M.F.,www.organismoveronesemediazioneforense.it,da_ricercare,0,,,,
1102,ORIZZONTI ADR S.R.L.,www.orizzontiadr.it,da_ricercare,0,,,,
90,Ordine Avvocati Pesaro,www.ordineavvocatipesaro.it,da_ricercare,0,,,,
571,Ordine degli Avvocati di Biella,www.ordineavvocatibiella.it,da_ricercare,0,,,,
724,Ordine degli Avvocati di Rovereto,http://www.ordineavvocatirovereto.it,da_ricercare,0,,,,
508,Ordine degli Avvocati di Vasto,www.ordineavvocativasto.it,da_ricercare,0,,,,
733,Ordine degli Avvocati di Verbania,www.ordineavvocativerbania.it,da_ricercare,0,,,,
1117,Ordine degli Avvocati di Viterbo,https://www.ordineavvocativiterbo.it,da_ricercare,0,,,,
309,Ordine dei Dottori Commercialisti e degli Esperti Contabili di Barcellona P.G.,odcecbarcellonapg.it,da_ricercare,0,,,,
351,Organismo Conciliazione Forense Ordine Avvocati Siena,www.ordineavvocatisiena.it,da_ricercare,0,,,,
1153,Organismo Italiano di Mediazione srl,www.organismoitalianodimediazione.it,da_ricercare,0,,,,
809,Organismo di Conciliazione Concordia et Ius srl,www.concordiaetius.it,da_ricercare,0,,,,
157,Organismo di Conciliazione Forense di Prato,https://www.avvocati.prato.it/organismo-di-conciliazione-forense,da_ricercare,0,,,,
1073,Organismo di Conciliazione del Consiglio dell'Ordine degli Avvocati di Siracusa,www.ordineavvocatisr.it,da_ricercare,0,,,,
176,Organismo di Conciliazione del Foro di Catania,www.ordineavvocaticatania.it/area-avvocati/media-conciliazione/default.aspx,da_ricercare,0,,,,
308,Organismo di Conciliazione del Foro di Macerata,ordineavvocatimacerata.it,da_ricercare,0,,,,
180,Organismo di Conciliazione dell'Ordine degli Avvocati di Lecce,http://www.ordineavvocatilecce.it/,da_ricercare,0,,,,
170,Organismo di Conciliazione presso il Tribunale di Forlì istituito dal Consiglio dell'Ordine degli Avvocati di Forlì Cesena,www.avvocatiforlicesena.it,da_ricercare,0,,,,
276,Organismo di Mediazione - Camera di Commercio I.A.A. di Cagliari - Oristano,www.caor.camcom.it,da_ricercare,0,,,,
1093,Organismo di Mediazione - Fondazione ODCEC Milano,www.fcm.mi.it,da_ricercare,0,,,,
459,Organismo di Mediazione Forense del Consiglio dell'Ordine degli Avvocati di Bolzano,www.ordineavvocati.bz.it,da_ricercare,0,,,,
196,Organismo di Mediazione Forense del Consiglio dell'Ordine degli Avvocati di Palermo,http://www.avvocatipalermo.it/coa/index.php?option=com_content&view=article&id=101&Itemid=696,da_ricercare,0,,,,
458,Organismo di Mediazione Forense dell'Ordine degli Avvocati di Vercelli,www.ordineavvocativercelli.it,da_ricercare,0,,,,
367,Organismo di Mediazione Forense dell’Ordine degli Avvocati di Brindisi,www.ordineavvocatibrindisi.it,da_ricercare,0,,,,
1111,Organismo di Mediazione Forense di Caltanissetta,,da_ricercare,0,,,,
843,Organismo di Mediazione Forense di Grosseto già Camera di conciliazione presso l’Ordine Avvocati di Grosseto,www.ordineavvocatigrosseto.it,da_ricercare,0,,,,
1092,Organismo di Mediazione Forense di Livorno,www.ordineavvocatilivorno.it,da_ricercare,0,,,,
171,Organismo di Mediazione Forense di Lucca,ordineavvocati.lu.it,da_ricercare,0,,,,
565,Organismo di Mediazione Forense di Messina,https://ordineavvocatimessina.it/mediazione/,da_ricercare,0,,,,
395,Organismo di Mediazione Forense di Pordenone,www.ordineavvocatipordenone.it,da_ricercare,0,,,,
127,Organismo di Mediazione Forense di Roma,https://www.ordineavvocatiroma.it/organismo-di-mediazione/,da_ricercare,0,,,,
166,Organismo di Mediazione Forense di Vicenza - Fondazione Avvocato Gaetano Zilio Grandi,www.omfvicenza.it,da_ricercare,0,,,,
893,Organismo di Mediazione del Collegio dei Geometri e Geometri Laureati della Provincia di Palermo,www.geometri.pa.it/mediazione,da_ricercare,0,,,,
851,Organismo di Mediazione del Collegio dei Geometri e Geometri Laureati di Torino e Provincia,www.collegiogeometri.to.it,da_ricercare,0,,,,
477,Organismo di Mediazione del Consiglio Ordine Avvocati di Pavia,ww.ordineavvocatipavia.it,da_ricercare,0,,,,
325,Organismo di Mediazione del Consiglio dell'Ordine degli Avvocati di Como,www.ordineavvocaticomo.it,da_ricercare,0,,,,
495,Organismo di Mediazione del Consiglio dell'Ordine degli Avvocati di Lecco,www.ordineavvocati.lecco.it,da_ricercare,0,,,,
267,Organismo di Mediazione del Consiglio dell'Ordine degli Avvocati di Napoli,http://www.ordineavvocati.napoli.it/,da_ricercare,0,,,,
734,Organismo di Mediazione del Consiglio dell'Ordine degli Avvocati di Sassari,www.ordineavvocati.ss.it,da_ricercare,0,,,,
390,Organismo di Mediazione del Foro di Salerno,www.ordavvsa.it,da_ricercare,0,,,,
330,Organismo di Mediazione dell'Ordine degli Avvocati di Benevento,www.mediazioneordineavvocatibn.it,da_ricercare,0,,,,
430,Organismo di Mediazione dell'Ordine degli Avvocati di Matera,www.ordineavvocatimatera.it,da_ricercare,0,,,,
1026,Organismo di Mediazione dell'Ordine degli Avvocati di Novara,www.mediazioneforensenovara.it,da_ricercare,0,,,,
391,Organismo di Mediazione dell'Ordine degli Avvocati di Piacenza,www.piacenzaordineavvocati.it,da_ricercare,0,,,,
1023,Organismo di Mediazione dell'Ordine degli Ingegneri di Matera,www.ordingmatera.it,da_ricercare,0,,,,
11,Organismo di Mediazione della Camera di Commercio Bologna,www.bo.camcom.gov.it,da_ricercare,0,,,,
128,Organismo di Mediazione della Camera di Commercio di Catanzaro Crotone e Vibo Valentia,www.czkrvv.camcom.it,da_ricercare,0,,,,
72,Organismo di Mediazione della Camera di Commercio di Rieti Viterbo,WWW.RIVT.CAMCOM.IT,da_ricercare,0,,,,
116,Organismo di Mediazione e Conciliazione Forense presso l'Ordine degli Avvocati di Bari,www.ordineavvocati.bari.it,da_ricercare,0,,,,
1094,Organismo di Mediazione e Formazione Società Umanitaria,www.umanitaria.it,da_ricercare,0,,,,
172,Organismo di Mediazione e Formazione dell'Ordine degli Avvocati di Genova,www.ordineavvocatigenova.it,da_ricercare,0,,,,
293,Organismo di Mediazione e di Conciliazione presso l'Ordine degli Avvocati di Chieti,www.ordineavvocatichieti.it,da_ricercare,0,,,,
181,Organismo di Mediazione finalizzata alla Conciliazione delle Controversie Civili e Commerciali del Foro di Trani,www.ordineavvocatitrani.it,da_ricercare,0,,,,
427,Organismo di conciliazione Cittadino e Salute,www.cittadinoesalute.it,da_ricercare,0,,,,
211,Organismo di conciliazione Ordine Avvocati di Caltagirone Calatino Sud Simeto,www.ordineavvocaticaltagirone.it,da_ricercare,0,,,,
3,Organismo di conciliazione bancaria,www.conciliatorebancario.it,da_ricercare,0,,,,
587,Organismo di mediazione dell'Ordine degli Avvocati di Avezzano,http://nuke.foroavezzano.it/organismo_conciliazione/tabid/136/Default.aspxult.aspx,da_ricercare,0,,,,
1147,Organismo di mediazione dell'Ordine degli Avvocati di Rimini,www.avvocati.rimini.it,da_ricercare,0,,,,
44,Organismo di mediazione della Camera di Commercio di Roma,www.rm.camcom.it,da_ricercare,0,,,,
169,Organismo di mediazione presso il Tribunale di Ravenna,www.ordineavvocatiravenna.it,da_ricercare,0,,,,
186,Orsa Consulting srl,www.orsaconsulting.it,da_ricercare,0,,,,
1109,PARLIAMONE S.R.L.,https://parliamone.mediaodr.com/,da_ricercare,0,,,,
1039,PRIMARETE SRL,www.primarete.eu,da_ricercare,0,,,,
322,PRIMAVERA FORENSE SRL,www.primaveraforense.it,da_ricercare,0,,,,
1077,PROFESSIONE MEDIAZIONE c/o Collegio Geometri e Geometri Laureati di Varese,http://www.collegio.geometri.va.it/,da_ricercare,0,,,,
1089,PROGETTO MEDIAZIONE ADR SOLUTIONS SRL,www.progettomediazioneadr.it,da_ricercare,0,,,,
385,PROMO CONSULT S.R.L.,WWW.PROMO-CONSULT.IT,da_ricercare,0,,,,
136,PRONTIACONCILIARE,www.prontiaconciliare.it,da_ricercare,0,,,,
1141,QUISIMEDIA s.r.l.,WWW.QUISIMEDIA.IT,da_ricercare,0,,,,
694,R.L.RECONCILE & LEARN SRL,www.rl-mediareconciliare.it,da_ricercare,0,,,,
1074,RECONCILIA ADR,www.reconcilia.it,da_ricercare,0,,,,
185,RES AEQUAE ADR SRL,www.resaequaeadr.it,da_ricercare,0,,,,
12,RESOLUTIA - Gestione delle Controversie,www.resolutia.it,da_ricercare,0,,,,
1066,RESOLUTIA S.R.L.,www.resolutia.it,da_ricercare,0,,,,
363,Resolvo S.r.l.,www.resolvosrl.it,da_ricercare,0,,,,
1121,Riconciliamo,https://www.mediazione-riconciliamo.com/,da_ricercare,0,,,,
297,Rimedia srl,www.rimediasrl.it,da_ricercare,0,,,,
254,S.P.F. MEDIAZIONE,www.spfmediazione.it,da_ricercare,0,,,,
39,S.P.L.A. - Soluzioni e prevenzione liti assicurative - CONCILIAZIONI s.a.s. di RAINONE Ana Maria & C.,www.splaconciliazioni.it,da_ricercare,0,,,,
1123,S.S.P. Mediazione srl,www.sspmediazione.it,da_ricercare,0,,,,
397,SERVIZIO DI CONCILIAZIONE,www.ao.camcom.it,da_ricercare,0,,,,
697,SERVIZIO DI CONCILIAZIONE DELLA C.C.I.A.A. DI MANTOVA,www.mn.camcom.gov.it,da_ricercare,0,,,,
104,SERVIZIO DI CONCILIAZIONE DELLA CAMERA DI COMMERCIO DI BRESCIA,www.bs.camcom.it,da_ricercare,0,,,,
669,SERVIZIO DI CONCILIAZIONE DELLA CAMERA DI COMMERCIO DI LECCO,www.lc.camcom.gov.it,da_ricercare,0,,,,
65,SERVIZIO DI CONCILIAZIONE DELLA CAMERA DI COMMERCIO DI MODENA,www.mo.camcom.it,da_ricercare,0,,,,
54,SERVIZIO DI CONCILIAZIONE DELLA CAMERA DI COMMERCIO INDUSTRIA ARTIGIANATO E AGRICOLTURA DI BERGAMO,www.bg.camcom.it,da_ricercare,0,,,,
179,SERVIZIO DI MEDIAZIONE DELLA CAMERA DI COMMERCIO DI COMO-AZIENDA SPECIALE SVILUPPO IMPRESA,www.co.camcom.it,da_ricercare,0,,,,
1021,SERVIZIO DI MEDIAZIONE DELLA CAMERA DI COMMERCIO DI SONDRIO IN ASSOCIAZIONE CON L'ORDINE DEGLI AVVOCATI DELLA PROVINCIA DI SONDRIO,http://www.so.camcom.it,da_ricercare,0,,,,
535,SICOME SOCIETA' ITALIANA CONCILIAZIONE MEDIAZIONE - SOCIETA' COOPERATIVA,www.sicome.it,da_ricercare,0,,,,
1114,SM SOCIETA' DI MEDIAZIONE E CONCILIAZIONE S.R.L.,WWW.SOCIETADIMEDIAZIONE.IT,da_ricercare,0,,,,
776,SMERALDA MEDIATION – MEDIAZIONE E CONCILIAZIONE S.R.L.,www.smeraldamediation.com,da_ricercare,0,,,,
517,SNALVMED,www.snalvmed.it,da_ricercare,0,,,,
1000,SOCIETA' ADR RICONCILIAMO S.R.L.,WWW.RICONCILIAMO.IT,da_ricercare,0,,,,
194,SOLVING SOLUTION S.A.S.,www.solvingsolution.it,da_ricercare,0,,,,
470,SPMC SRL,www.spmc.eu,da_ricercare,0,,,,
1069,"SPORTELLO DI CONCILIAZIONE DELL'AZIENDA SPECIALE ""MADE IN VICENZA"" DELLA CAMERA DI COMMERCIO DI VICENZA",www.madeinvicenza.it,da_ricercare,0,,,,
155,SR MEDIAZIONE E FORMAZIONE,www.srmediaform.it,da_ricercare,0,,,,
75,Servizio di Conciliazione della CCIAA di Bolzano,www.camcom.bz.it,da_ricercare,0,,,,
4,Servizio di Conciliazione della CCIAA di Firenze,WWW.FI.CAMCOM.GOV.IT,da_ricercare,0,,,,
130,Servizio di Conciliazione della Camera di Commercio I.A.A. di Trento,www.tn.camcom.it,da_ricercare,0,,,,
89,Servizio di Conciliazione della Camera di Commercio dell'Emilia,www.emilia.camcom.it,da_ricercare,0,,,,
38,Servizio di Mediazione della Camera di Commercio I.A.A. di Pistoia-Prato,www.ptpo.camcom.it,da_ricercare,0,,,,
31,Servizio di conciliazione - Camera Arbitrale di Milano,www.conciliazione.com,da_ricercare,0,,,,
302,Servizio di mediazione della Camera di Commercio I.A.A. Frosinone Latina,www.frlt.camcom.it,da_ricercare,0,,,,
895,ShareCom srl,www.sharecom.it,da_ricercare,0,,,,
1076,Soc. Pro Concilia Srls,,da_ricercare,0,,,,
26,Sportello di Conciliazione C.C.I.A.A. di Pordenone - Udine,https://www.pnud.camcom.it,da_ricercare,0,,,,
42,Sportello di Conciliazione della CCIAA di Verona,www.vr.camcom.it,da_ricercare,0,,,,
82,Sportello di Conciliazione della Camera di Commercio Industria Artigianato e Agricoltura di Cosenza,www.cs.camcom.it,da_ricercare,0,,,,
996,Sportello di Conciliazione della Camera di Commercio di Salerno,www.sa.camcom.it,da_ricercare,0,,,,
100,Sportello di mediazione della Camera di Commercio di Ferrara e Ravenna,www.fera.camcom.it,da_ricercare,0,,,,
781,Studio IRIS - società cooperativa,www.mediazioneiris.com,da_ricercare,0,,,,
1151,THEMIS ADR,www.themisadr.it,da_ricercare,0,,,,
721,TIMEDIA,www.timediasrl.it,da_ricercare,0,,,,
210,TOTA CONSULTING S.R.L.,www.totaconsulting.it,da_ricercare,0,,,,
145,Trendcom s.r.l.,www.conciliatori.org,da_ricercare,0,,,,
1081,UNIMEDIA ITALIA SRL,http://www.unimediaitalia.it,da_ricercare,0,,,,
446,VoxMedia Conciliazione & Arbitrato S.r.l.,www.voxmediasrl.it,da_ricercare,0,,,,
543,adr mediazione srl,www.adr-mediazione.it,da_ricercare,0,,,,
1127,associazione Punto Mediazione,puntomediazione.it,da_ricercare,0,,,,
519,b.s.conciliazioni sas,www.bsconciliazionisas.it,da_ricercare,0,,,,
247,camera di conciliazione di forense picena,www.ordineavvocatiascolipiceno.it,da_ricercare,0,,,,
433,csp organismo di mediazione srl,htts://mediazione.serviziprofessionali.org/,da_ricercare,0,,,,
1011,inframedia srl,www.inframdeia.org,da_ricercare,0,,,,
599,organismo di conciliazione di pisa,www.ocpisa.it,da_ricercare,0,,,,
429,ungiustoaccordo,www.ungiustoaccordo.it,da_ricercare,0,,,,
666,“Sistema A.R. Mediazione S.r.l.” in sigla “ARSMEDIA S.r.l.”,www.arsmediasrl.it,da_ricercare,0,,,,
